	Position	Z_Score	Termseq_Depth	Strand	Condition	Replicate
206	207	0.6274513086401197	38.0	+	Control	2
1929	1930	0.2768157213017278	19.0	+	Control	2
2761	2762	7.462413247988366	1284.0	+	Control	2
3796	3797	3.9411401362258593	711.0	+	Control	2
5379	5380	0.4564476271395615	86.0	+	Control	2
6527	6528	1.2157275201749074	21.0	+	Control	2
7371	7372	0.5732148737833099	95.0	+	Control	2
8150	8151	0.3746191040706624	74.0	+	Control	2
9138	9139	8.15533961389545	736.0	+	Control	2
12123	12124	6.856982728123426	547.0	+	Control	2
13612	13613	4.863486053657721	460.0	+	Control	2
14939	14940	0.32817655545627233	6.0	+	Control	2
15510	15511	4.83391705608755	410.0	+	Control	2
16926	16927	5.376281188177715	381.0	+	Control	2
17701	17702	0.7424704556285322	87.0	+	Control	2
18583	18584	0.4511549403414454	10.0	+	Control	2
19558	19559	0.8299065193002528	107.0	+	Control	2
20293	20294	7.857683672474799	623.0	+	Control	2
21078	21079	0.5761304925040543	79.0	+	Control	2
21622	21623	0.8912633453230243	152.0	+	Control	2
22605	22606	0.37568328867968365	0.0	+	Control	2
23699	23700	9.45187811504164	959.0	+	Control	2
24533	24534	0.5183238713872411	85.0	+	Control	2
25083	25084	0.4145353418185589	79.0	+	Control	2
25624	25625	0.38181720054007523	7.0	+	Control	2
26399	26400	1.2380507559001903	57.0	+	Control	2
27104	27105	0.6073242900374528	78.0	+	Control	2
27985	27986	1.1200690100438981	115.0	+	Control	2
29043	29044	7.345543451552286	548.0	+	Control	2
30234	30235	3.295588059842055	259.0	+	Control	2
30988	30989	0.334404361268807	0.0	+	Control	2
31666	31667	0.47881645641299253	0.0	+	Control	2
32792	32793	6.075636126750792	136.0	+	Control	2
33524	33525	1.8201234075588288	49.0	+	Control	2
34128	34129	4.386031247555374	101.0	+	Control	2
34829	34830	0.9953161567844989	32.0	+	Control	2
38377	38378	8.601181190445297	305.0	+	Control	2
39763	39764	0.16363937946688553	0.0	+	Control	2
42041	42042	0.39774284333828963	0.0	+	Control	2
43115	43116	0.9395409518438751	99.0	+	Control	2
43975	43976	0.43572497368731433	57.0	+	Control	2
44565	44566	8.05988327340155	694.0	+	Control	2
47562	47563	5.067777956508599	300.0	+	Control	2
49376	49377	5.332716629597661	303.0	+	Control	2
52053	52054	2.05620796179309	12.0	+	Control	2
53918	53919	1.4864668112372903	15.0	+	Control	2
54753	54754	3.8291438721550124	29.0	+	Control	2
55462	55463	6.981065160998175	50.0	+	Control	2
58711	58712	0.5645926979571316	4.0	+	Control	2
60543	60544	5.285332015973586	42.0	+	Control	2
62110	62111	5.983569773293444	48.0	+	Control	2
64134	64135	0.712077900193466	0.0	+	Control	2
66766	66767	8.478953200989022	292.0	+	Control	2
68265	68266	0.2743749787819981	0.0	+	Control	2
69928	69929	3.9331482829374997	26.0	+	Control	2
70510	70511	2.4399388478197515	18.0	+	Control	2
71584	71585	2.083599702044057	16.0	+	Control	2
72205	72206	2.6575668573633866	19.0	+	Control	2
73797	73798	0.8308629185320789	7.0	+	Control	2
74469	74470	4.594354840993902	21.0	+	Control	2
75185	75186	4.538939794878519	17.0	+	Control	2
76011	76012	1.0015033314496993	5.0	+	Control	2
76646	76647	0.5195459187273235	0.0	+	Control	2
79173	79174	3.7442879260525244	33.0	+	Control	2
80726	80727	4.093447836046872	39.0	+	Control	2
81896	81897	0.7329123168107384	0.0	+	Control	2
83295	83296	6.804722758436344	85.0	+	Control	2
84102	84103	2.5208042347423905	37.0	+	Control	2
85607	85608	0.9849690169206125	24.0	+	Control	2
86479	86480	1.010363580566718	24.0	+	Control	2
87259	87260	6.27442743811426	98.0	+	Control	2
88477	88478	5.17079143739931	84.0	+	Control	2
90214	90215	1.0386182699698625	31.0	+	Control	2
91785	91786	8.194885014342223	162.0	+	Control	2
92806	92807	0.44323645320440913	0.0	+	Control	2
94624	94625	8.482731746554549	91.0	+	Control	2
96892	96893	1.5461405269466642	24.0	+	Control	2
98975	98976	0.7421042214265423	0.0	+	Control	2
100224	100225	1.2663502204064099	175.0	+	Control	2
101480	101481	7.600236935016808	828.0	+	Control	2
104199	104200	1.7772969403327672	3.0	+	Control	2
106732	106733	3.897414472885881	4.0	+	Control	2
107614	107615	1.752059056650523	2.0	+	Control	2
109055	109056	1.8683075038851553	2.0	+	Control	2
110167	110168	1.6841867786043494	3.0	+	Control	2
111724	111725	6.496668303838071	10.0	+	Control	2
113507	113508	0.8269438270341039	2.0	+	Control	2
114217	114218	3.662941601401763	6.0	+	Control	2
115295	115296	2.055040992842155	3.0	+	Control	2
116475	116476	2.4826161916380483	4.0	+	Control	2
118343	118344	0.36737980008359994	0.0	+	Control	2
119091	119092	3.2282371119818025	115.0	+	Control	2
119921	119922	4.348188995272594	151.0	+	Control	2
120847	120848	6.182069133392588	210.0	+	Control	2
124567	124568	0.7306302712752444	9.0	+	Control	2
125165	125166	0.5306070314437407	0.0	+	Control	2
126207	126208	0.38514097609602105	0.0	+	Control	2
126862	126863	0.390514782521434	55.0	+	Control	2
127697	127698	5.125486967766062	389.0	+	Control	2
128754	128755	5.8342052410927	439.0	+	Control	2
130563	130564	0.4439652193504517	0.0	+	Control	2
131317	131318	0.5064357876497217	22.0	+	Control	2
132156	132157	0.7735400011155279	37.0	+	Control	2
133839	133840	8.601323246385011	257.0	+	Control	2
136443	136444	5.458212142668485	9.0	+	Control	2
137502	137503	0.6125596756473753	0.0	+	Control	2
138184	138185	0.7481093795017351	5.0	+	Control	2
140164	140165	0.8036071660259692	19.0	+	Control	2
140881	140882	4.9558478024713155	124.0	+	Control	2
141609	141610	0.3867727298991361	0.0	+	Control	2
142999	143000	6.220131974158499	153.0	+	Control	2
146206	146207	0.7803778786273791	0.0	+	Control	2
146981	146982	2.953026437043025	452.0	+	Control	2
147714	147715	3.881095395126804	543.0	+	Control	2
148667	148668	2.3399142082634934	360.0	+	Control	2
149894	149895	1.6594285430891926	261.0	+	Control	2
151346	151347	1.6420290818042627	52.0	+	Control	2
152456	152457	1.8643963051815498	37.0	+	Control	2
153336	153337	3.1564366348280983	308.0	+	Control	2
154375	154376	3.1256374405175134	319.0	+	Control	2
155035	155036	4.092106806826386	376.0	+	Control	2
155851	155852	2.0107627357737368	258.0	+	Control	2
156526	156527	1.8047648838427766	22.0	+	Control	2
158311	158312	3.063364222871404	274.0	+	Control	2
158946	158947	1.4543919027019423	207.0	+	Control	2
159676	159677	1.5223798061355729	29.0	+	Control	2
160615	160616	1.969765338491177	346.0	+	Control	2
163070	163071	7.139657080367541	1067.0	+	Control	2
165921	165922	8.170364231020825	4070.0	+	Control	2
167383	167384	0.3364534934424507	301.0	+	Control	2
168579	168580	8.189492571539521	2109.0	+	Control	2
170468	170469	0.23745251488390207	0.0	+	Control	2
172812	172813	8.290126122054556	999.0	+	Control	2
173410	173411	0.34915634320721056	0.0	+	Control	2
174230	174231	0.24211764635002114	0.0	+	Control	2
175021	175022	0.2218866688480028	12.0	+	Control	2
176005	176006	8.375787420905855	3651.0	+	Control	2
176676	176677	0.17756136999998476	22.0	+	Control	2
177442	177443	0.18808603091251352	15.0	+	Control	2
178868	178869	1.6047265859755495	11.0	+	Control	2
180439	180440	1.674846537461849	66.0	+	Control	2
181335	181336	5.6801531210504175	134.0	+	Control	2
182497	182498	0.5434519574208615	80.0	+	Control	2
183378	183379	0.4204133693350887	65.0	+	Control	2
183904	183905	8.11759315187938	629.0	+	Control	2
186499	186500	0.9566402383388417	2.0	+	Control	2
187118	187119	3.349302360301712	5.0	+	Control	2
188446	188447	3.192871487578842	4.0	+	Control	2
189488	189489	2.0636928653482443	4.0	+	Control	2
190287	190288	2.1409120037889307	4.0	+	Control	2
191559	191560	5.175514262836631	9.0	+	Control	2
192423	192424	1.4008825246464924	3.0	+	Control	2
193242	193243	3.1668989534236314	6.0	+	Control	2
196435	196436	4.498644095751006	298.0	+	Control	2
197410	197411	1.2062572519351047	167.0	+	Control	2
199176	199177	1.6152527566660917	362.0	+	Control	2
199744	199745	1.089080699622592	274.0	+	Control	2
200744	200745	7.667939678741161	1333.0	+	Control	2
204103	204104	5.689904701490248	513.0	+	Control	2
205141	205142	2.7196466865927564	261.0	+	Control	2
207169	207170	1.0962171050087208	39.0	+	Control	2
208062	208063	1.3370974708460286	8.0	+	Control	2
208687	208688	1.7607800079678797	10.0	+	Control	2
209744	209745	0.985166170020649	0.0	+	Control	2
210312	210313	1.2711445970540687	5.0	+	Control	2
210967	210968	1.7019027250946916	6.0	+	Control	2
212195	212196	0.8007950489496128	8.0	+	Control	2
212734	212735	1.926693005859632	16.0	+	Control	2
213580	213581	5.090483055893439	57.0	+	Control	2
215369	215370	2.341268973187334	60.0	+	Control	2
216367	216368	2.4481667516627206	102.0	+	Control	2
218343	218344	3.800113916482377	165.0	+	Control	2
219116	219117	3.9053881031941464	163.0	+	Control	2
219990	219991	1.644527404867164	96.0	+	Control	2
221310	221311	1.3382073165278758	15.0	+	Control	2
222581	222582	0.20738636901188853	14.0	+	Control	2
223884	223885	1.233556472560559	1825.0	+	Control	2
226223	226224	8.281798444127345	10962.0	+	Control	2
229349	229350	1.5496838987035608	4.0	+	Control	2
230498	230499	0.7845528649004194	3.0	+	Control	2
231308	231309	1.5052197899422888	13.0	+	Control	2
233304	233305	2.6641950159322767	55.0	+	Control	2
233902	233903	2.3556033616677423	52.0	+	Control	2
235364	235365	6.22070615576459	121.0	+	Control	2
236118	236119	1.3100430236558074	54.0	+	Control	2
238308	238309	7.839587402236428	219.0	+	Control	2
241395	241396	1.2095245610219492	1.0	+	Control	2
242335	242336	2.693598405478571	3.0	+	Control	2
242941	242942	2.6235369811572795	3.0	+	Control	2
244392	244393	5.362732930412439	6.0	+	Control	2
246557	246558	0.569563485037304	0.0	+	Control	2
247682	247683	0.6147211859496094	21.0	+	Control	2
248544	248545	1.1452524980383965	34.0	+	Control	2
249142	249143	7.756712839797215	187.0	+	Control	2
249927	249928	0.36430957072756254	0.0	+	Control	2
250798	250799	0.4286493046118713	19.0	+	Control	2
252118	252119	7.854005498548096	85.0	+	Control	2
253467	253468	0.9990950736695801	13.0	+	Control	2
254600	254601	0.7880988993568615	11.0	+	Control	2
255132	255133	0.6883507340888351	0.0	+	Control	2
256365	256366	0.8681855058442025	17.0	+	Control	2
256955	256956	0.9418520255328225	18.0	+	Control	2
257648	257649	8.037828564854726	121.0	+	Control	2
258750	258751	0.3055685668400714	0.0	+	Control	2
260345	260346	2.619932959059897	4.0	+	Control	2
261066	261067	4.179583530797524	6.0	+	Control	2
262068	262069	0.9937809457086109	3.0	+	Control	2
264749	264750	7.241237934378917	167.0	+	Control	2
266207	266208	0.8701884387467016	35.0	+	Control	2
266958	266959	0.6191678833261444	1.0	+	Control	2
267564	267565	1.684226609177303	39.0	+	Control	2
268730	268731	4.799908904407092	104.0	+	Control	2
269601	269602	0.9267711411268099	0.0	+	Control	2
270326	270327	1.427637617522722	80.0	+	Control	2
271773	271774	4.273648882142621	179.0	+	Control	2
272843	272844	1.8102379096247787	104.0	+	Control	2
273424	273425	2.1712519372315175	112.0	+	Control	2
274749	274750	0.25268208995150243	16.0	+	Control	2
276197	276198	8.193774014000578	2044.0	+	Control	2
277949	277950	0.18946917997549595	5.0	+	Control	2
278929	278930	1.8420188411671299	42.0	+	Control	2
279712	279713	3.423843696881763	57.0	+	Control	2
280379	280380	1.0851693269927016	20.0	+	Control	2
281068	281069	2.195335177206443	29.0	+	Control	2
282524	282525	0.5490286002067711	0.0	+	Control	2
283802	283803	1.3928122627140938	11.0	+	Control	2
284856	284857	1.1309227662567627	12.0	+	Control	2
285918	285919	3.1126218587674055	31.0	+	Control	2
286810	286811	1.97834947249453	22.0	+	Control	2
287410	287411	5.779974148822348	52.0	+	Control	2
288468	288469	0.9335215898171974	12.0	+	Control	2
290087	290088	0.6238219032807839	0.0	+	Control	2
292721	292722	8.18219762917367	158.0	+	Control	2
294211	294212	0.3283506805540047	0.0	+	Control	2
294792	294793	0.3173113091346172	0.0	+	Control	2
295858	295859	1.516691632185757	44.0	+	Control	2
296708	296709	8.44141455163666	212.0	+	Control	2
299519	299520	4.819806424962663	10.0	+	Control	2
302900	302901	8.152677955699472	14017.0	+	Control	2
303826	303827	0.13366573659071238	3.0	+	Control	2
304527	304528	0.1362061041641598	0.0	+	Control	2
306234	306235	5.561241370131444	79.0	+	Control	2
307925	307926	0.8472993929805139	0.0	+	Control	2
309443	309444	1.9892000097864722	16.0	+	Control	2
310109	310110	3.4039316449144628	22.0	+	Control	2
310717	310718	3.024003494274805	21.0	+	Control	2
311739	311740	1.3174935415183855	0.0	+	Control	2
314764	314765	2.8297419003081794	115.0	+	Control	2
315337	315338	2.454467539728279	180.0	+	Control	2
316004	316005	0.8354503933397993	83.0	+	Control	2
316621	316622	1.2237034360477215	106.0	+	Control	2
317432	317433	7.583577680545801	484.0	+	Control	2
320514	320515	1.1283333197029948	24.0	+	Control	2
321102	321103	0.5102944255614489	0.0	+	Control	2
321693	321694	0.28831078719865494	0.0	+	Control	2
322564	322565	1.9123840698271275	128.0	+	Control	2
323644	323645	8.137030096861054	491.0	+	Control	2
324921	324922	0.3173868558526166	0.0	+	Control	2
325631	325632	0.33022344281150556	0.0	+	Control	2
327033	327034	0.622535731350821	35.0	+	Control	2
327660	327661	3.260365491351107	275.0	+	Control	2
328447	328448	0.42096715900680814	0.0	+	Control	2
329640	329641	5.725211214831493	599.0	+	Control	2
330924	330925	5.376021302862979	541.0	+	Control	2
333567	333568	0.7373419134891035	4.0	+	Control	2
334567	334568	7.607223556721512	29.0	+	Control	2
335667	335668	0.6208869440078122	0.0	+	Control	2
337130	337131	0.8113007461622295	0.0	+	Control	2
338298	338299	0.3787755992666564	39.0	+	Control	2
339982	339983	8.208588440505826	515.0	+	Control	2
342785	342786	0.8143898763313533	0.0	+	Control	2
344422	344423	0.23200052783954314	2.0	+	Control	2
345303	345304	8.256709322580582	269.0	+	Control	2
346368	346369	0.577218715423835	27.0	+	Control	2
348168	348169	1.8121331324249843	11.0	+	Control	2
349374	349375	2.317783832027652	9.0	+	Control	2
350805	350806	0.7733858985712662	0.0	+	Control	2
352286	352287	3.402099922729703	62.0	+	Control	2
353319	353320	7.2475198876767415	124.0	+	Control	2
354059	354060	0.4350474883690493	0.0	+	Control	2
358051	358052	8.113346193004244	266.0	+	Control	2
359522	359523	1.337996460885008	50.0	+	Control	2
361960	361961	0.8066062973630328	11.0	+	Control	2
362876	362877	1.205194764398135	10.0	+	Control	2
363700	363701	0.751932631347919	10.0	+	Control	2
366428	366429	8.230983207485938	1156.0	+	Control	2
368322	368323	0.16093109350058551	0.0	+	Control	2
369011	369012	0.24346509127209282	0.0	+	Control	2
370445	370446	7.785595903164614	109.0	+	Control	2
371683	371684	0.4647827131468002	0.0	+	Control	2
373220	373221	0.15028526381805002	3.0	+	Control	2
374670	374671	8.219301482528657	2750.0	+	Control	2
375429	375430	0.22481640698328417	0.0	+	Control	2
377860	377861	8.255876427915359	1691.0	+	Control	2
378988	378989	0.178356475950135	0.0	+	Control	2
381937	381938	6.516282628958153	11.0	+	Control	2
382507	382508	1.396784166003922	3.0	+	Control	2
385062	385063	2.7180675117173565	18.0	+	Control	2
385634	385635	0.8398558377567583	0.0	+	Control	2
387982	387983	0.34760073267418223	10.0	+	Control	2
388949	388950	2.281838631577739	782.0	+	Control	2
390008	390009	0.30024164252785357	173.0	+	Control	2
390562	390563	7.858675436114134	2496.0	+	Control	2
392011	392012	0.21498502906262829	0.0	+	Control	2
394317	394318	3.684671120359014	63.0	+	Control	2
395188	395189	3.7417256027875974	63.0	+	Control	2
396003	396004	0.9792081329933517	1.0	+	Control	2
398816	398817	0.5411780023869192	2.0	+	Control	2
399661	399662	3.4953581424707987	262.0	+	Control	2
400631	400632	4.226147889457097	363.0	+	Control	2
403984	403985	0.16263560780635597	0.0	+	Control	2
404817	404818	8.203049431513753	58614.0	+	Control	2
406243	406244	0.15839160248159836	0.0	+	Control	2
407444	407445	0.16803153100616677	0.0	+	Control	2
408263	408264	0.2179896674545877	0.0	+	Control	2
408918	408919	0.2176693368102578	0.0	+	Control	2
409672	409673	4.87266273525782	3997.0	+	Control	2
410525	410526	6.646074802409737	5389.0	+	Control	2
411278	411279	0.21492919421760154	1.0	+	Control	2
413544	413545	0.8440335995411081	15.0	+	Control	2
416668	416669	8.192452845245128	216.0	+	Control	2
421813	421814	6.779998314268805	1731.0	+	Control	2
422961	422962	4.016009905861713	1087.0	+	Control	2
424011	424012	0.6825971362068531	53.0	+	Control	2
424987	424988	0.22620290341751284	81.0	+	Control	2
426266	426267	0.15728060563172622	78.0	+	Control	2
426840	426841	8.215981032474872	8129.0	+	Control	2
429387	429388	0.42789335478039864	0.0	+	Control	2
430387	430388	8.078713728175398	266.0	+	Control	2
432337	432338	0.19706956681802598	0.0	+	Control	2
432928	432929	5.282175235151891	14.0	+	Control	2
434359	434360	1.8378333865282912	5.0	+	Control	2
435499	435500	6.93925470957841	12.0	+	Control	2
436767	436768	0.5254098742814238	0.0	+	Control	2
438054	438055	4.156397235294751	5.0	+	Control	2
439056	439057	1.3866099584712603	2.0	+	Control	2
439860	439861	0.5653267818028294	0.0	+	Control	2
442737	442738	9.184780864087264	88.0	+	Control	2
445021	445022	0.1873946346685219	0.0	+	Control	2
447566	447567	8.272378901245713	273.0	+	Control	2
448654	448655	0.16053508853904552	0.0	+	Control	2
449469	449470	0.16447650064024627	0.0	+	Control	2
450195	450196	3.2981682043928062	6.0	+	Control	2
451049	451050	0.8439863965591861	3.0	+	Control	2
451805	451806	1.9416444719161294	6.0	+	Control	2
453146	453147	1.2038144217530244	13.0	+	Control	2
453853	453854	0.47565958472415587	9.0	+	Control	2
454675	454676	4.438880368217302	90.0	+	Control	2
456363	456364	6.896968746401102	150.0	+	Control	2
458127	458128	3.6152499031379515	77.0	+	Control	2
458932	458933	0.42885360553065616	0.0	+	Control	2
459494	459495	0.42546322744575416	0.0	+	Control	2
460787	460788	4.014603177685683	18.0	+	Control	2
461795	461796	2.0699523486533	10.0	+	Control	2
463167	463168	3.980714095380384	24.0	+	Control	2
464462	464463	1.273347024908791	8.0	+	Control	2
465522	465523	5.7865895679225305	36.0	+	Control	2
466630	466631	0.8977648288840445	7.0	+	Control	2
467753	467754	3.9701366857357834	26.0	+	Control	2
468796	468797	2.7487985528524335	22.0	+	Control	2
469893	469894	1.3371923010184872	19.0	+	Control	2
470957	470958	3.7831676958328444	48.0	+	Control	2
472052	472053	1.1267907347494184	37.0	+	Control	2
473986	473987	7.571752078696298	175.0	+	Control	2
476545	476546	7.135596053650036	33.0	+	Control	2
478970	478971	1.2410752867382617	7.0	+	Control	2
479691	479692	5.9672551386801	10.0	+	Control	2
480621	480622	1.2187656004849485	3.0	+	Control	2
481294	481295	1.188540276655457	3.0	+	Control	2
482006	482007	0.9201515523850311	4.0	+	Control	2
484036	484037	0.8246993193568287	0.0	+	Control	2
485200	485201	0.15299244298448972	5.0	+	Control	2
486963	486964	8.188956961568676	1705.0	+	Control	2
487996	487997	0.2165864309169743	0.0	+	Control	2
490279	490280	8.919784047007688	924.0	+	Control	2
490923	490924	0.1923712028243349	4.0	+	Control	2
492942	492943	0.5464356913965542	2.0	+	Control	2
494483	494484	1.0654351527945054	46.0	+	Control	2
495149	495150	5.505784076472381	220.0	+	Control	2
496295	496296	1.445701299677984	77.0	+	Control	2
497246	497247	3.774374633573827	225.0	+	Control	2
497835	497836	1.2131190582172247	81.0	+	Control	2
499037	499038	5.907333502185664	332.0	+	Control	2
500316	500317	0.3681463609938127	3.0	+	Control	2
501299	501300	4.428793419532708	220.0	+	Control	2
502541	502542	0.5175408142166986	0.0	+	Control	2
504146	504147	0.38376836113192003	307.0	+	Control	2
505610	505611	8.637245482969137	4118.0	+	Control	2
506977	506978	0.34497162299771067	288.0	+	Control	2
508178	508179	0.28382377697849914	0.0	+	Control	2
509596	509597	0.7411912935419472	5.0	+	Control	2
510688	510689	2.213934259241347	4.0	+	Control	2
511382	511383	3.7380682928542943	6.0	+	Control	2
512593	512594	1.103555832009237	2.0	+	Control	2
513341	513342	1.8302958074788884	3.0	+	Control	2
516555	516556	10.065430475684574	1537.0	+	Control	2
518444	518445	1.7404619838419413	338.0	+	Control	2
519720	519721	0.12514693705434426	0.0	+	Control	2
521205	521206	8.134540192198994	2109670.0	+	Control	2
522525	522526	0.12530951013348224	6.0	+	Control	2
524293	524294	5.691487844359894	1384.0	+	Control	2
524859	524860	6.085748497481051	1476.0	+	Control	2
527538	527539	6.284921103471231	113.0	+	Control	2
531083	531084	0.5854474867811257	0.0	+	Control	2
532845	532846	0.35829897803547694	0.0	+	Control	2
534059	534060	6.959513205588349	627.0	+	Control	2
535009	535010	0.40174232438216095	2.0	+	Control	2
536279	536280	2.61914728652403	256.0	+	Control	2
538583	538584	1.294605726915885	86.0	+	Control	2
539648	539649	2.4551539847891073	122.0	+	Control	2
540675	540676	1.15133869585012	85.0	+	Control	2
541469	541470	0.17060837468129395	2.0	+	Control	2
542029	542030	0.16928960177251823	1.0	+	Control	2
543377	543378	8.243417995701792	9940.0	+	Control	2
544674	544675	0.2088262820299688	14.0	+	Control	2
545394	545395	0.3553854907853522	700.0	+	Control	2
546134	546135	8.137368073952265	2527.0	+	Control	2
547518	547519	0.35456196292692793	22.0	+	Control	2
548946	548947	0.23621988743596506	29.0	+	Control	2
549739	549740	8.177744214431549	1982.0	+	Control	2
550937	550938	0.5496593366242907	196.0	+	Control	2
551488	551489	0.2255970817142942	9.0	+	Control	2
552776	552777	0.9483819603971119	6.0	+	Control	2
553528	553529	4.112389174500543	96.0	+	Control	2
554237	554238	3.2532291964533564	81.0	+	Control	2
555386	555387	3.3103555845368886	96.0	+	Control	2
558051	558052	8.29988301278623	1775.0	+	Control	2
559039	559040	0.30874892596425185	1.0	+	Control	2
561169	561170	0.477625976614408	238.0	+	Control	2
562363	562364	7.398270261514855	2707.0	+	Control	2
564580	564581	3.4904598430953184	1326.0	+	Control	2
565861	565862	0.3569949983110212	2.0	+	Control	2
567589	567590	0.3314612284577719	15.0	+	Control	2
568470	568471	3.001404724845418	3157.0	+	Control	2
569355	569356	7.7316250758885925	7638.0	+	Control	2
571878	571879	0.9138204305179477	804.0	+	Control	2
575946	575947	0.5848318599215121	0.0	+	Control	2
577335	577336	1.2267057886570738	141.0	+	Control	2
578488	578489	7.035671726220802	754.0	+	Control	2
580132	580133	3.027065671254019	355.0	+	Control	2
581549	581550	1.2638444388343097	115.0	+	Control	2
582931	582932	0.5536153454466551	7.0	+	Control	2
584543	584544	7.484818755629661	804.0	+	Control	2
585779	585780	0.18461763822212984	14.0	+	Control	2
587814	587815	8.149912983885619	6478.0	+	Control	2
589804	589805	0.9793999066640876	902.0	+	Control	2
590487	590488	0.4462904780061021	1.0	+	Control	2
591398	591399	0.3473878378716678	3.0	+	Control	2
592370	592371	1.2314164357199644	3.0	+	Control	2
594600	594601	0.2716623662179221	13.0	+	Control	2
596035	596036	5.11664213369749	2813.0	+	Control	2
597062	597063	5.536590066263154	3094.0	+	Control	2
598075	598076	2.6310241220203117	1578.0	+	Control	2
598906	598907	2.1775040491163002	1061.0	+	Control	2
600141	600142	0.45069838768363013	33.0	+	Control	2
600764	600765	0.7731440921908896	201.0	+	Control	2
602119	602120	3.5502162800727777	254.0	+	Control	2
604372	604373	0.2463231279328202	30.0	+	Control	2
606331	606332	8.246581829599434	4787.0	+	Control	2
608455	608456	0.36418988376650574	50.0	+	Control	2
609424	609425	0.24854962675207828	89.0	+	Control	2
610441	610442	0.4734814334744371	744.0	+	Control	2
611367	611368	8.300038944603537	8195.0	+	Control	2
612890	612891	0.31463095035147093	0.0	+	Control	2
614188	614189	5.048166768906768	2625.0	+	Control	2
615319	615320	6.397544543990832	3292.0	+	Control	2
618387	618388	8.003719414397567	5534.0	+	Control	2
619804	619805	1.5595466634918143	1200.0	+	Control	2
620744	620745	0.33418765851259513	352.0	+	Control	2
621777	621778	0.2954669445687888	0.0	+	Control	2
622888	622889	0.3393569816800132	46.0	+	Control	2
624205	624206	8.195601389775986	465.0	+	Control	2
627360	627361	5.267801746328527	12.0	+	Control	2
628336	628337	4.125598071495658	10.0	+	Control	2
629323	629324	0.814627067350065	0.0	+	Control	2
630251	630252	0.6484902768388023	0.0	+	Control	2
631835	631836	2.3430470449608656	19.0	+	Control	2
632808	632809	4.88778237300911	35.0	+	Control	2
634784	634785	0.6140779306506274	0.0	+	Control	2
635658	635659	5.526530809464416	144.0	+	Control	2
637295	637296	5.994310865761351	156.0	+	Control	2
638312	638313	0.3874079241214549	0.0	+	Control	2
640856	640857	0.5903247250011512	0.0	+	Control	2
641430	641431	0.19728219470524558	0.0	+	Control	2
642264	642265	0.33796083801347926	137.0	+	Control	2
642803	642804	0.2266906905759608	116.0	+	Control	2
643369	643370	8.194962675469474	2097.0	+	Control	2
644739	644740	0.6951153998006206	244.0	+	Control	2
646054	646055	6.612661598083411	424.0	+	Control	2
646694	646695	0.4352109792489753	0.0	+	Control	2
649126	649127	3.510792250205241	24.0	+	Control	2
650311	650312	0.8775653154996662	0.0	+	Control	2
651587	651588	0.5687486789686068	0.0	+	Control	2
652197	652198	0.5760579944533287	8.0	+	Control	2
653255	653256	0.6636318605933962	270.0	+	Control	2
654744	654745	1.978693891437434	2448.0	+	Control	2
655323	655324	0.2194422341942963	0.0	+	Control	2
656458	656459	7.824794966413836	8962.0	+	Control	2
658258	658259	0.18314823830154442	21.0	+	Control	2
659413	659414	8.111216746955414	1812.0	+	Control	2
660270	660271	0.5883049123694567	191.0	+	Control	2
662330	662331	0.4277286230148941	3.0	+	Control	2
663519	663520	7.306030500825942	389.0	+	Control	2
665115	665116	0.37615225730186225	0.0	+	Control	2
666318	666319	0.7940031499998212	24.0	+	Control	2
667140	667141	3.815958770485303	66.0	+	Control	2
668568	668569	2.2912065273957647	45.0	+	Control	2
670065	670066	1.3354337785693802	24.0	+	Control	2
670785	670786	2.3946860735102415	30.0	+	Control	2
672192	672193	4.603963211530888	39.0	+	Control	2
675514	675515	9.145338655576868	303.0	+	Control	2
676531	676532	0.5975185853366676	4.0	+	Control	2
677564	677565	0.26305938666061207	1.0	+	Control	2
679062	679063	8.213487067780516	1762.0	+	Control	2
681682	681683	8.159680974094227	1468.0	+	Control	2
683045	683046	0.29063241065383383	0.0	+	Control	2
684520	684521	0.5262169103792538	92.0	+	Control	2
685469	685470	7.904507239591658	934.0	+	Control	2
686081	686082	0.3616941358226271	0.0	+	Control	2
687759	687760	2.2049713441540146	281.0	+	Control	2
688699	688700	0.4866369705428318	2.0	+	Control	2
689262	689263	0.47833466385250833	4.0	+	Control	2
691048	691049	3.9473574107318883	589.0	+	Control	2
692207	692208	4.561105899893855	672.0	+	Control	2
692933	692934	0.6450319529789725	155.0	+	Control	2
694797	694798	0.6338428965157833	0.0	+	Control	2
696616	696617	5.494190868587918	183.0	+	Control	2
698195	698196	0.7737884213597314	1.0	+	Control	2
699374	699375	2.5666745614657684	44.0	+	Control	2
699952	699953	1.6720091049652164	29.0	+	Control	2
700722	700723	0.8327057646558281	36.0	+	Control	2
701575	701576	0.7567011429691772	35.0	+	Control	2
702655	702656	7.109779261366638	194.0	+	Control	2
704198	704199	0.6998654770017448	42.0	+	Control	2
704984	704985	2.6387093176105902	108.0	+	Control	2
705811	705812	7.498698713450919	222.0	+	Control	2
706397	706398	0.36808307961504017	0.0	+	Control	2
708214	708215	0.33744155728569064	0.0	+	Control	2
709154	709155	3.076256926583991	198.0	+	Control	2
710035	710036	0.35530542285568056	0.0	+	Control	2
710972	710973	3.7972051652851517	466.0	+	Control	2
712370	712371	1.3221706419815413	185.0	+	Control	2
712994	712995	6.892528562218381	798.0	+	Control	2
714544	714545	0.34748716373323213	1.0	+	Control	2
715755	715756	1.271769927396342	242.0	+	Control	2
716812	716813	0.3748204514858571	0.0	+	Control	2
717470	717471	3.714441551237859	1327.0	+	Control	2
718492	718493	0.21155930570382597	49.0	+	Control	2
719353	719354	6.0945578145562465	2498.0	+	Control	2
720890	720891	4.703555704741393	1864.0	+	Control	2
722262	722263	2.9920899043245215	768.0	+	Control	2
723465	723466	1.0855936887152506	133.0	+	Control	2
724096	724097	0.3102190372574653	0.0	+	Control	2
725348	725349	3.8968165635012375	191.0	+	Control	2
727187	727188	0.33195660857668596	2.0	+	Control	2
728195	728196	7.134710243329658	1563.0	+	Control	2
729708	729709	4.546061780515104	1035.0	+	Control	2
731090	731091	0.36534280835308747	1.0	+	Control	2
731628	731629	2.482400900090313	322.0	+	Control	2
732274	732275	2.6271756416672782	122.0	+	Control	2
733793	733794	0.35343874305760775	3.0	+	Control	2
735043	735044	8.287290913601751	669.0	+	Control	2
737887	737888	1.2287565025940488	378.0	+	Control	2
739047	739048	0.26653672856968075	13.0	+	Control	2
740241	740242	9.120193126744667	2338.0	+	Control	2
741732	741733	0.2690044471255516	8.0	+	Control	2
743129	743130	1.8970078083927897	77.0	+	Control	2
744721	744722	0.795501975583508	0.0	+	Control	2
745965	745966	0.8079438602961798	40.0	+	Control	2
747356	747357	4.559101473728243	210.0	+	Control	2
748476	748477	0.7050369333389962	58.0	+	Control	2
749675	749676	0.7267700022198144	277.0	+	Control	2
751401	751402	6.069163988841983	2469.0	+	Control	2
751978	751979	0.2499675687167521	0.0	+	Control	2
753566	753567	5.427978824201056	2213.0	+	Control	2
754428	754429	0.24097350344150772	112.0	+	Control	2
755176	755177	0.18587217954515164	0.0	+	Control	2
757355	757356	2.8256225324688558	42.0	+	Control	2
759012	759013	1.9230492388839935	56.0	+	Control	2
760573	760574	4.838029252446004	111.0	+	Control	2
762239	762240	0.49997128049059836	3.0	+	Control	2
762765	762766	0.49785386775786844	44.0	+	Control	2
763688	763689	7.982349429069597	331.0	+	Control	2
764263	764264	0.9667340463720634	57.0	+	Control	2
764853	764854	0.4442473672645528	2.0	+	Control	2
766056	766057	0.41357871696300624	0.0	+	Control	2
766992	766993	7.423054936697164	239.0	+	Control	2
768000	768001	0.6350747251502027	0.0	+	Control	2
769421	769422	0.140518042295216	63.0	+	Control	2
770006	770007	1.0903473027848345	205.0	+	Control	2
770694	770695	8.230399528279657	1302.0	+	Control	2
773494	773495	0.3410325316915619	0.0	+	Control	2
774409	774410	0.3602716497930684	1.0	+	Control	2
775366	775367	7.630998144971877	352.0	+	Control	2
776932	776933	0.9238967514652069	92.0	+	Control	2
778312	778313	6.615530339736041	395.0	+	Control	2
779464	779465	0.4988952614448219	5.0	+	Control	2
780478	780479	3.960971602214336	245.0	+	Control	2
783206	783207	3.9554360992136397	25.0	+	Control	2
785472	785473	0.9117014754542794	6.0	+	Control	2
786542	786543	1.66361926424541	9.0	+	Control	2
787578	787579	1.5316030300222507	14.0	+	Control	2
789010	789011	1.4310517527732431	23.0	+	Control	2
790652	790653	0.7458499336799456	6.0	+	Control	2
791784	791785	0.4255571108862777	280.0	+	Control	2
793459	793460	8.143494723734264	3548.0	+	Control	2
795290	795291	0.1916699697914657	3.0	+	Control	2
796492	796493	0.46719378516759813	58.0	+	Control	2
797408	797409	8.287191285926198	610.0	+	Control	2
799228	799229	0.7458577377120992	93.0	+	Control	2
800115	800116	7.272357033126337	384.0	+	Control	2
801429	801430	1.8725163033530232	153.0	+	Control	2
802727	802728	7.560761699878854	404.0	+	Control	2
803572	803573	0.34387525293692794	0.0	+	Control	2
805939	805940	1.6382849328698166	41.0	+	Control	2
808035	808036	2.4067298388703695	181.0	+	Control	2
809271	809272	1.316705939527649	200.0	+	Control	2
810731	810732	2.262120915181644	597.0	+	Control	2
811804	811805	7.5942980168791	1762.0	+	Control	2
814691	814692	0.4526298253446709	0.0	+	Control	2
816333	816334	6.278835510547478	68.0	+	Control	2
817056	817057	0.6406278036243764	0.0	+	Control	2
818229	818230	2.4804741946298843	44.0	+	Control	2
819604	819605	0.6298165338640697	101.0	+	Control	2
820550	820551	0.26383626984711295	0.0	+	Control	2
821397	821398	7.682635534513347	1017.0	+	Control	2
822981	822982	3.1114698903071147	428.0	+	Control	2
824114	824115	0.24663971043026808	0.0	+	Control	2
825625	825626	0.4316698926858138	0.0	+	Control	2
827670	827671	0.6987625155161362	131.0	+	Control	2
828342	828343	3.253070418073682	582.0	+	Control	2
830140	830141	7.237785650147091	1275.0	+	Control	2
832783	832784	8.085285101291962	983.0	+	Control	2
834738	834739	0.3009778983311326	12.0	+	Control	2
835755	835756	7.0114688740788	2097.0	+	Control	2
837177	837178	2.883224641190243	1291.0	+	Control	2
839596	839597	7.347438365438388	2527.0	+	Control	2
841103	841104	0.17364082355736035	7.0	+	Control	2
842188	842189	0.2962218508955302	6.0	+	Control	2
844583	844584	8.155007643516454	816.0	+	Control	2
846362	846363	0.774517858257374	120.0	+	Control	2
847444	847445	2.132518583533519	116.0	+	Control	2
848397	848398	0.380431670786361	1.0	+	Control	2
849441	849442	0.30232603802821706	14.0	+	Control	2
850080	850081	7.434454696664643	1262.0	+	Control	2
851637	851638	2.0671336934939912	404.0	+	Control	2
853737	853738	1.0726789890474868	394.0	+	Control	2
854905	854906	7.905232913651488	2483.0	+	Control	2
856292	856293	1.629622408608296	581.0	+	Control	2
857457	857458	5.010441874601088	538.0	+	Control	2
858944	858945	0.2555370705829648	16.0	+	Control	2
860175	860176	9.067814892507224	2975.0	+	Control	2
861047	861048	0.24953590677211193	12.0	+	Control	2
861621	861622	0.2529988991962918	9.0	+	Control	2
862767	862768	0.8753653832858507	13.0	+	Control	2
863349	863350	0.20379194404889261	9.0	+	Control	2
863946	863947	0.24959323814974146	13.0	+	Control	2
864837	864838	0.20601933202171277	45.0	+	Control	2
865378	865379	6.314080227166298	5026.0	+	Control	2
866337	866338	5.323127123968055	4269.0	+	Control	2
867997	867998	0.2299914781433042	16.0	+	Control	2
869430	869431	0.1348517952651858	6.0	+	Control	2
870539	870540	8.47308283567835	184828.0	+	Control	2
874962	874963	8.283470831465143	2901.0	+	Control	2
876237	876238	0.3132216321093177	48.0	+	Control	2
876798	876799	0.29658359205563356	54.0	+	Control	2
877701	877702	7.627741245274995	1884.0	+	Control	2
880680	880681	0.2883144710869645	0.0	+	Control	2
881721	881722	0.6079460269971517	326.0	+	Control	2
882649	882650	2.9578274663243094	1226.0	+	Control	2
883185	883186	7.493076238397034	2965.0	+	Control	2
883989	883990	0.252242953333582	0.0	+	Control	2
886103	886104	5.616216414091855	115.0	+	Control	2
888316	888317	0.5256732720308608	0.0	+	Control	2
889728	889729	0.2887347991599215	0.0	+	Control	2
890890	890891	0.6511640240733818	821.0	+	Control	2
892314	892315	8.11695936737451	8414.0	+	Control	2
894880	894881	0.32144203405222144	0.0	+	Control	2
896675	896676	2.589676080968157e-08	0.0	+	Control	2
897581	897582	0.23551094806821202	0.0	+	Control	2
899081	899082	0.46797237146959836	0.0	+	Control	2
900780	900781	0.14970617729016575	2.0	+	Control	2
901653	901654	8.266521313675545	6741.0	+	Control	2
902698	902699	0.16005009861845587	10.0	+	Control	2
903521	903522	0.14837021185483448	18.0	+	Control	2
904294	904295	7.747981270899796	604.0	+	Control	2
905176	905177	0.457823781556136	61.0	+	Control	2
907056	907057	0.41599607738894145	0.0	+	Control	2
907976	907977	0.44361220762581616	0.0	+	Control	2
909389	909390	7.131902509820188	13.0	+	Control	2
910408	910409	0.7069245975789135	2.0	+	Control	2
912488	912489	0.4338086177567986	0.0	+	Control	2
913455	913456	3.3361664588717783	54.0	+	Control	2
914071	914072	0.9460929480176723	19.0	+	Control	2
915023	915024	0.3755292377705953	116.0	+	Control	2
916871	916872	5.605797070892016	1779.0	+	Control	2
919428	919429	8.28025000597345	41878.0	+	Control	2
920722	920723	0.145377798437171	2.0	+	Control	2
922114	922115	4.38195649123827	271.0	+	Control	2
922713	922714	2.5046688895580247	180.0	+	Control	2
923322	923323	2.7488946021027214	193.0	+	Control	2
924438	924439	0.43768997851644587	21.0	+	Control	2
925610	925611	0.6688542534285062	173.0	+	Control	2
926383	926384	8.255302538065349	1368.0	+	Control	2
929480	929481	7.617909634704408	253.0	+	Control	2
930704	930705	0.600477504567232	3.0	+	Control	2
933816	933817	7.070152017097438	1085.0	+	Control	2
935486	935487	0.36642281289992423	10.0	+	Control	2
936994	936995	3.852376696557097	219.0	+	Control	2
937914	937915	1.4004311677555776	121.0	+	Control	2
939004	939005	2.0347211591075407	154.0	+	Control	2
940463	940464	0.22050185229630778	45.0	+	Control	2
940972	940973	0.21776929408855789	38.0	+	Control	2
941543	941544	8.068930168543156	2026.0	+	Control	2
942473	942474	1.4245870843054251	466.0	+	Control	2
944566	944567	3.4185491208783367	1030.0	+	Control	2
946233	946234	7.346452463679165	2092.0	+	Control	2
948249	948250	0.21621046146563044	0.0	+	Control	2
948774	948775	0.3265585616207853	0.0	+	Control	2
950643	950644	7.763818166410863	369.0	+	Control	2
953815	953816	4.843303714997555	6.0	+	Control	2
954752	954753	2.008858470470415	4.0	+	Control	2
956659	956660	0.4320744883494306	0.0	+	Control	2
958435	958436	0.30458879162510766	0.0	+	Control	2
959197	959198	5.956771561228952	934.0	+	Control	2
959894	959895	5.206508713669547	843.0	+	Control	2
960688	960689	0.5863047771465442	0.0	+	Control	2
961494	961495	0.7499241326623709	0.0	+	Control	2
962880	962881	0.1836087951873949	65.0	+	Control	2
964191	964192	8.203125727179705	4606.0	+	Control	2
967401	967402	0.7007554413765573	0.0	+	Control	2
968726	968727	0.4058932849033303	0.0	+	Control	2
970113	970114	5.895180644600046	621.0	+	Control	2
971420	971421	1.0951892779455041	151.0	+	Control	2
972071	972072	5.504445517393065	580.0	+	Control	2
974637	974638	2.4394969749250146	19.0	+	Control	2
